,Date,Open,High,Low,Close,Volume,name
0,2023-01-03,128.34378830008248,128.95456910153305,122.32459400935494,123.21121978759766,112117500,AAPL
1,2023-01-04,125.00414702883133,126.74784531380757,123.22104984209798,124.48202514648438,89113600,AAPL
2,2023-01-05,125.24059093401247,125.87107865122056,122.9058186898535,123.16194915771484,80962700,AAPL
3,2023-01-06,124.13722458745222,128.35360593496887,123.03386747187416,127.69356536865234,87754700,AAPL
4,2023-01-09,128.53098019432045,131.427288863226,127.95959824320164,128.21572875976562,70790800,AAPL
5,2023-01-10,128.32406282244906,129.30920076375085,126.21586822934367,128.78707885742188,63896200,AAPL
6,2023-01-11,129.29937353694692,131.52578019546752,128.5211210646013,131.50608825683594,69458900,AAPL
7,2023-01-12,131.89029271765745,132.26463497127472,129.4865533653131,131.42727661132812,71379600,AAPL
8,2023-01-13,130.06777940104425,132.91482784880117,129.70328312196565,132.7572021484375,57809700,AAPL
9,2023-01-17,132.82614355724837,135.24957434953774,132.1365500404185,133.91964721679688,63646600,AAPL
10,2023-01-18,134.7865730896908,136.54996329562516,133.0231678517452,133.20050048828125,69672800,AAPL
11,2023-01-19,132.0873116107182,134.22505937639417,131.78192122019502,133.25962829589844,58280400,AAPL
12,2023-01-20,133.26946486486585,135.9687483442848,132.22522101014553,135.8209686279297,80223600,AAPL
13,2023-01-23,136.06727935780177,141.1900098722199,135.8505477576372,139.01284790039062,81760300,AAPL
14,2023-01-24,138.22472018745663,141.03236969957698,138.21487421828232,140.41172790527344,66435100,AAPL
15,2023-01-25,138.7960782416761,140.3131839948148,136.7469896041819,139.7516632080078,65799300,AAPL
16,2023-01-26,141.04221286895242,142.10616376720364,139.79108333600698,141.8204803466797,54105100,AAPL
17,2023-01-27,141.03236318771044,145.04186713056833,140.95355034191297,143.7611846923828,70555800,AAPL
18,2023-01-30,142.80561778514152,143.38684562469143,140.72697590646771,140.87474060058594,64015300,AAPL
19,2023-01-31,140.57918779657314,142.19481349464007,140.16543164570373,142.1455535888672,65874500,AAPL
20,2023-02-01,141.83033773006647,144.4311017910948,139.21972769926688,143.2686309814453,77663600,AAPL
21,2023-02-02,146.6870736521922,148.9331875714321,145.96792696689582,148.57855224609375,118339000,AAPL
22,2023-02-03,145.82996797468513,155.04101372137666,145.6329433931969,152.2038116455078,154357300,AAPL
23,2023-02-06,150.30250288074524,150.82462478693864,148.53909754834626,149.4749755859375,69858300,AAPL
24,2023-02-07,148.4011799958932,152.9229595728958,148.4011799958932,152.35157775878906,83322600,AAPL
25,2023-02-08,151.59304759782992,152.28264122485135,148.92331687434466,149.66217041015625,64120100,AAPL
26,2023-02-09,151.49450140964842,152.036330247997,148.1844375441137,148.62774658203125,56007100,AAPL
27,2023-02-10,147.46354505272012,149.31842209117474,147.226745512614,148.99282836914062,57450700,AAPL
28,2023-02-13,148.93360529625505,152.19938787253557,148.90400724096855,151.7948760986328,62199000,AAPL
29,2023-02-14,150.08801949687324,151.71598829923826,148.84485563822165,151.15359497070312,61707600,AAPL
30,2023-02-15,151.06476513520522,153.4228390365263,150.83784167870803,153.25511169433594,65573800,AAPL
31,2023-02-16,151.45938261157076,154.24171981155845,151.30153135980208,151.65672302246094,68167900,AAPL
32,2023-02-17,150.31495787953284,150.95626934167754,148.83499445461442,150.5122833251953,59144100,AAPL
33,2023-02-21,148.1936535747809,149.27896600318738,146.42757068306315,146.4966278076172,58867200,AAPL
34,2023-02-22,146.88139380804506,147.94696900428042,145.19424437189434,146.92086791992188,51011300,AAPL
35,2023-02-23,148.08508220881998,148.33174268890195,145.2731617688621,147.404296875,48394200,AAPL
36,2023-02-24,145.14491019093927,145.22384336023686,143.77347836618958,144.75025939941406,55469600,AAPL
37,2023-02-27,145.73692063205627,147.1774097603546,145.48038403430326,145.94410705566406,44998500,AAPL
38,2023-02-28,145.08571098317904,147.08859306462728,144.8686485359811,145.44090270996094,50547000,AAPL
39,2023-03-01,144.86865768902635,145.26330849706878,143.0729618860178,143.36895751953125,55479000,AAPL
40,2023-03-02,142.45137644789077,144.75025410916558,141.97777744941413,143.9609375,52238100,AAPL
41,2023-03-03,146.0624926286878,149.0914911594904,145.36198515518814,149.01255798339844,70732300,AAPL
42,2023-03-06,151.7356876269036,154.21216902598104,151.41010897005816,151.77516174316406,87558000,AAPL
43,2023-03-07,151.64689058754286,151.9724842932115,149.1112281718285,149.574951171875,56182000,AAPL
44,2023-03-08,150.768776295138,151.41996369175047,149.80187125635692,150.82797241210938,47204800,AAPL
45,2023-03-09,151.50878953565072,152.4756947765348,148.22326886232506,148.57846069335938,53833600,AAPL
46,2023-03-10,148.20350666672326,148.92375113671451,145.63823135434072,146.51634216308594,68572400,AAPL
47,2023-03-13,145.83556564568843,151.09436981836478,145.72703441304543,148.4600372314453,84457100,AAPL
48,2023-03-14,149.25919818665145,151.35087437586574,148.09496787151124,150.55169677734375,73695900,AAPL
49,2023-03-15,149.17042182051847,151.20290214198522,147.91738213550175,150.94638061523438,77167900,AAPL
50,2023-03-16,150.127461556798,154.3700254849667,149.6144034630521,153.76817321777344,76161100,AAPL
51,2023-03-17,153.99507952206918,154.64626683139153,152.21912097617263,152.92950439453125,98944600,AAPL
52,2023-03-20,152.99860710640667,155.7118730486912,152.09088307007352,155.29747009277344,73641400,AAPL
53,2023-03-21,155.21853377224946,157.2707359778321,154.44893912645242,157.15234375,73938300,AAPL
54,2023-03-22,157.17210596561782,159.97416620924432,155.7020036632039,155.72174072265625,75701800,AAPL
55,2023-03-23,156.7083516682842,159.39201912983532,155.57370432805416,156.8070068359375,67622100,AAPL
56,2023-03-24,156.73797352277555,158.19819969843707,155.74147036488569,158.10940551757812,59196500,AAPL
57,2023-03-27,157.8035399490982,158.62245469903792,155.76118357485748,156.16571044921875,52390300,AAPL
58,2023-03-28,155.85984584155918,156.3729039229444,153.8964227422894,155.5441131591797,45992200,AAPL
59,2023-03-29,157.2411740858945,158.89874093159347,157.2214520800284,158.6224822998047,51305700,AAPL
60,2023-03-30,159.37229315696538,160.2997391161816,159.11577163727372,160.1912078857422,49501700,AAPL
61,2023-03-31,160.27014967971024,162.79595111857384,159.74723055627194,162.69728088378906,68749800,AAPL
62,2023-04-03,162.07567322978076,164.06867907864293,162.02633812254018,163.95028686523438,56976200,AAPL
63,2023-04-04,164.37458557847017,164.61137005549932,162.90448337873613,163.41754150390625,46278300,AAPL
64,2023-04-05,162.53946059266778,162.845317301899,159.63872977420775,161.57254028320312,51511700,AAPL
65,2023-04-06,160.2602872813979,162.75650592852264,159.83603835658786,162.46051025390625,45390100,AAPL
66,2023-04-10,159.26379397330305,159.8656463623047,157.94169694007527,159.8656463623047,47716900,AAPL
67,2023-04-11,160.1813521100088,160.19121311129285,158.36591919116847,158.6520538330078,47644200,AAPL
68,2023-04-12,159.0664756179538,159.89525155138986,157.6457082720823,157.96144104003906,50133100,AAPL
69,2023-04-13,159.47098360495934,163.58527977239888,159.26378211877287,163.34848022460938,68445600,AAPL
70,2023-04-14,162.39143019016473,164.0983319737809,161.63172656331614,163.00315856933594,49386500,AAPL
71,2023-04-17,162.8847436304976,163.1807392768596,161.83890539432053,163.0228729248047,41516200,AAPL
72,2023-04-18,163.88125462301093,165.1737533320214,163.4372536454433,164.24630737304688,49923000,AAPL
73,2023-04-19,163.58526647837797,165.91374248336922,163.32872989204589,165.3908233642578,47720200,AAPL
74,2023-04-20,163.87140244421354,165.6276243886042,163.3484832728481,164.42391967773438,52456400,AAPL
75,2023-04-21,162.84527188495923,164.22656472043278,162.2927547507698,162.815673828125,58337300,AAPL
76,2023-04-24,162.79592733482866,163.3879185471219,161.70075413055952,163.12152099609375,41949600,AAPL
77,2023-04-25,162.98342757965568,164.08846202710322,161.54292334211996,161.5823974609375,48714100,AAPL
78,2023-04-26,160.88189367284764,163.07224081923718,160.62537209042043,161.57254028320312,45498800,AAPL
79,2023-04-27,162.98342657757053,166.30840595665688,162.98342657757053,166.16041564941406,64902300,AAPL
80,2023-04-28,166.23936050031372,167.58119458170708,165.6375081170057,167.4134521484375,55275900,AAPL
81,2023-05-01,167.01878932487827,168.17315888477142,166.38733892318547,167.32464599609375,52472900,AAPL
82,2023-05-02,167.81796415576136,168.07450075678005,165.3020235951721,166.28866577148438,48425700,AAPL
83,2023-05-03,167.23581486172367,168.6368446604595,164.92707625204469,165.21319580078125,65136000,AAPL
84,2023-05-04,162.68742177323023,164.8086963510818,162.11516752574818,163.5753936767578,81235400,AAPL
85,2023-05-05,168.6960655683585,171.97172463520235,168.4790030974248,171.25148010253906,113453200,AAPL
86,2023-05-08,170.1760244116815,171.5277343198539,169.8109716539451,171.18240356445312,55962800,AAPL
87,2023-05-09,170.73841026688106,171.22185523763014,169.30778230115573,169.4755096435547,45326900,AAPL
88,2023-05-10,170.70881232248743,171.70531537679722,169.60376298512443,171.24159240722656,53724500,AAPL
89,2023-05-11,171.52771685234399,172.2578222934666,169.8701504721675,171.42904663085938,49514700,AAPL
90,2023-05-12,171.5377153905618,171.97244074298538,168.94914270667581,170.5003204345703,45533100,AAPL
91,2023-05-15,171.0832715155854,171.13267487374878,169.4135375098661,170.00634765625,37266700,AAPL
92,2023-05-16,169.92730529834625,171.0635071571624,169.73958158279842,170.00634765625,42110300,AAPL
93,2023-05-17,169.65065404284252,170.8560084675657,168.37611683004315,170.618896484375,57951600,AAPL
94,2023-05-18,170.92517510124802,173.13831574371522,170.51021405749552,172.95059204101562,65496700,AAPL
95,2023-05-19,174.2745553101149,174.2745553101149,172.84194816554702,173.05931091308594,55809500,AAPL
96,2023-05-22,171.89343134950482,172.61468722054929,171.3697889134683,172.1107940673828,43570900,AAPL
97,2023-05-23,171.0536346915268,171.30063640969706,169.22581594675142,169.50245666503906,50747300,AAPL
98,2023-05-24,169.03809335131075,170.35214430979713,168.4749372695529,169.7790985107422,45143500,AAPL
99,2023-05-25,170.34225271987503,171.81437317497037,169.63088663153601,170.91529846191406,56058300,AAPL
100,2023-05-26,171.24135456411133,173.6619683326656,171.03386649216068,173.32603454589844,54835000,AAPL
101,2023-05-30,174.83768056740178,176.84333305757605,174.45235853913644,175.17359924316406,55964400,AAPL
102,2023-05-31,175.20326416230037,177.19904230758075,174.64009299685546,175.1242218017578,99625300,AAPL
103,2023-06-01,175.56880955803746,177.95978426232014,174.8080400825605,177.93014526367188,68901800,AAPL
104,2023-06-02,178.8588580217184,179.59986307293,177.11008187963884,178.77981567382812,61996900,AAPL
105,2023-06-05,180.43970891607717,182.731877134779,175.90474568833295,177.42628479003906,121946500,AAPL
106,2023-06-06,177.81157917901706,177.95977416384898,175.30203354675976,177.06069946289062,64848400,AAPL
107,2023-06-07,176.29993732672585,179.03672040758232,175.19337452542106,175.6873779296875,61944600,AAPL
108,2023-06-08,175.76641213704826,178.67115468077665,175.3317017878174,178.40440368652344,50214900,AAPL
109,2023-06-09,179.3232356709596,180.04447641965535,178.46367457216073,178.7897186279297,48900000,AAPL
110,2023-06-12,179.09598823299092,181.68456110008822,178.7995831921066,181.58575439453125,54274900,AAPL
111,2023-06-13,180.6076788745564,181.94147925145757,180.2519957588914,181.11155700683594,54929100,AAPL
112,2023-06-14,181.17082015656314,182.17859141427,179.8370198890403,181.74386596679688,57462900,AAPL
113,2023-06-15,181.75377253557645,184.28306801815378,181.57592343794417,183.7791748046875,65433200,AAPL
114,2023-06-16,184.490530124381,184.74742157511324,182.06004151498252,182.70223999023438,101256200,AAPL
115,2023-06-20,182.1983578536973,183.86809194337903,182.1983578536973,182.79115295410156,49799100,AAPL
116,2023-06-21,182.68243679920374,183.18632987573855,180.40014368436258,181.75372314453125,49515700,AAPL
117,2023-06-22,181.53638158238215,184.8066817993699,181.46721386744264,184.7572784423828,51245300,AAPL
118,2023-06-23,183.3246636484937,185.31055187722217,182.79113153727351,184.44110107421875,53117000,AAPL
119,2023-06-26,184.58932295318664,185.79469252512132,183.00850595123646,183.04803466796875,48088700,AAPL
120,2023-06-27,183.66059237854205,186.13060949863421,183.4432296659109,185.8045654296875,50730800,AAPL
121,2023-06-28,185.67612459327006,187.62249934110088,185.350095591546,186.9803009033203,51216800,AAPL
122,2023-06-29,186.81231462111722,187.79044671269003,186.67399428172388,187.31619262695312,46347300,AAPL
123,2023-06-30,189.33177465497502,192.14758538728958,188.9662018357955,191.64370727539062,85213200,AAPL
124,2023-07-03,191.45597092726317,191.5547776450248,189.46019281962833,190.1518096923828,31458200,AAPL
125,2023-07-05,189.27248168829453,190.66555990536892,188.33386310926684,189.0353546142578,46920300,AAPL
126,2023-07-06,187.56322301313529,189.71708585705593,186.93089921117289,189.5095977783203,45094300,AAPL
127,2023-07-07,189.11439856972888,190.3592817984136,187.9584323411384,188.3931427001953,46815000,AAPL
128,2023-07-10,186.9901751208951,187.71143099184326,184.79679865953796,186.3479766845703,59922200,AAPL
129,2023-07-11,186.89135939582033,187.02967973700999,184.3620645421884,185.82431030273438,46638100,AAPL
130,2023-07-12,187.40514750841933,189.40092573103476,186.20966756388748,187.49407958984375,60750200,AAPL
131,2023-07-13,188.2153081360164,188.897035286273,187.5039419858172,188.25482177734375,41342300,AAPL
132,2023-07-14,187.948525384943,188.88712881002033,187.35573036289856,188.40301513671875,41616200,AAPL
133,2023-07-17,189.598506397075,191.9894962144421,189.5095893997432,191.6634521484375,50520200,AAPL
134,2023-07-18,191.03112283932904,191.99936529239264,190.1122686661601,191.40655517578125,48288200,AAPL
135,2023-07-19,190.78413334726974,195.8525983579603,190.3395181934612,192.76014709472656,80507300,AAPL
136,2023-07-20,192.7502822772949,194.11373676342578,190.19134776196006,190.8137969970703,59581200,AAPL
137,2023-07-21,191.77212935032986,192.63169045749675,188.93653953192955,189.63803100585938,71951700,AAPL
138,2023-07-24,191.09041212625252,192.57242242955687,189.9443205401746,190.43832397460938,45377800,AAPL
139,2023-07-25,191.01136672601527,192.10805493602857,190.60628029804008,191.29788208007812,37283200,AAPL
140,2023-07-26,191.34728040522955,193.29365506077994,191.00148706119938,192.16732788085938,47471900,AAPL
141,2023-07-27,193.66911704133602,194.83495794865564,190.24073188727883,190.90269470214844,47460200,AAPL
142,2023-07-28,192.3352927070371,194.27179277672036,191.8116502798051,193.48138427734375,48291400,AAPL
143,2023-07-31,193.70862628447964,194.13347708185938,192.91821776612247,194.0939483642578,38824100,AAPL
144,2023-08-01,193.88647197429418,194.37058568804014,192.93797875368105,193.26402282714844,35175100,AAPL
145,2023-08-02,192.70084355962268,192.83916391140565,189.54911446715442,190.27035522460938,50389300,AAPL
146,2023-08-03,189.27250064800953,190.06289415573028,188.40304969856896,188.87728881835938,61235200,AAPL
147,2023-08-04,183.295020485719,185.13271368389906,179.73819007769725,179.80735778808594,115956800,AAPL
148,2023-08-07,179.9456936325003,180.93370048918646,175.2230220636036,176.7050323486328,97576100,AAPL
149,2023-08-08,177.5349191282476,178.1079648000796,175.45022447284256,177.6436004638672,67823000,AAPL
150,2023-08-09,178.70078370635215,178.76006170176663,174.88707688488682,176.0529327392578,60378500,AAPL
151,2023-08-10,177.3274561288203,178.58222898523437,175.47001359754938,175.8355712890625,54686900,AAPL
152,2023-08-11,175.42996682009903,176.71609814181758,174.66816996475507,175.8949432373047,52036700,AAPL
153,2023-08-14,176.0730260741773,177.77469387045335,175.42005736478495,177.54714965820312,43675600,AAPL
154,2023-08-15,176.97331337741676,177.56690888775307,175.1628176334086,175.5585479736328,43622600,AAPL
155,2023-08-16,175.24197103328896,176.6369303294026,174.61868139075943,174.6879425048828,46964900,AAPL
156,2023-08-17,175.25187020963352,175.6179215615527,171.6308784010705,172.1453399658203,66062900,AAPL
157,2023-08-18,170.46346761685473,173.23362560342792,170.12709527960956,172.630126953125,61172200,AAPL
158,2023-08-21,173.20394701107267,174.25264612165492,171.88812158676677,173.96572875976562,46311900,AAPL
159,2023-08-22,175.17271045239184,175.78609702554508,174.37134667878323,175.3408966064453,42038900,AAPL
160,2023-08-23,176.61716031274474,179.61486234805133,176.42918310654636,179.18943786621094,52722800,AAPL
161,2023-08-24,178.74425133745834,179.16967585239115,174.13391827576947,174.49998474121094,54945800,AAPL
162,2023-08-25,175.4893219988908,177.2404448053197,173.9459523611551,176.70620727539062,51449600,AAPL
163,2023-08-28,178.17043851174256,178.66510907128173,176.64685983066678,178.26937866210938,43820700,AAPL
164,2023-08-29,177.78457014737916,182.9291401969668,177.58670497165372,182.15745544433594,53003900,AAPL
165,2023-08-30,182.96875056526045,185.84773686983334,182.7708853589575,185.6498565673828,60813900,AAPL
166,2023-08-31,185.8378136528603,187.10416895130786,185.48165028166278,185.86749267578125,60794500,AAPL
167,2023-09-01,187.47023078000296,187.89564016216337,186.27312153245367,187.4405517578125,45766500,AAPL
168,2023-09-05,186.27311615331163,187.95499277883354,185.61025951662367,187.677978515625,45280000,AAPL
169,2023-09-06,186.3918455631262,186.8370611072444,179.53571941437733,180.9603729248047,81755800,AAPL
170,2023-09-07,173.312752460059,176.31046963604499,171.69023379276553,175.66738891601562,112488800,AAPL
171,2023-09-08,176.4489782367689,178.3188321743013,175.89493458078306,176.28077697753906,65551300,AAPL
172,2023-09-11,178.15065045906456,178.3781946740771,175.44973851819339,177.44821166992188,58953100,AAPL
173,2023-09-12,177.57683789873767,178.21001559327632,172.95661681425068,174.42083740234375,90370200,AAPL
174,2023-09-13,174.6285913393108,175.41017925863045,172.1255595752841,172.35311889648438,84267900,AAPL
175,2023-09-14,172.14534712441645,174.2229694212733,171.72982568427443,173.86680603027344,60895800,AAPL
176,2023-09-15,174.59889423512476,174.61868528190746,171.967258666553,173.14456176757812,109259500,AAPL
177,2023-09-18,174.59888982853914,177.46798769380123,174.2921965438023,176.07301330566406,67257600,AAPL
178,2023-09-19,175.62783421196144,177.71534451200176,175.24199179139225,177.16131591796875,51826900,AAPL
179,2023-09-20,177.3492658362857,177.78457830053213,173.5304088946865,173.6194610595703,58436200,AAPL
180,2023-09-21,172.68948203416045,174.42082885900223,172.006834299268,172.07608032226562,63149100,AAPL
181,2023-09-22,172.8081943086496,175.19250979208792,172.19480770645978,172.92691040039062,56725400,AAPL
182,2023-09-25,172.3432048049037,175.08368369125543,172.29373473406022,174.2031707763672,46172700,AAPL
183,2023-09-26,172.9565908960506,173.33253018900052,169.83026989319274,170.1270751953125,64588900,AAPL
184,2023-09-27,170.78004737841366,171.19556880826096,167.24810767663843,168.61338806152344,66921800,AAPL
185,2023-09-28,167.53501945328387,170.19634944676713,165.8333515413796,168.87063598632812,56294400,AAPL
186,2023-09-29,170.18646521737097,171.22527642192762,168.5243642708508,169.38510131835938,51861100,AAPL
187,2023-10-02,169.39494849088058,172.44212024536975,169.108031178775,171.89797973632812,52164500,AAPL
188,2023-10-03,170.42387079713225,171.77927819729268,168.99923247491208,170.5623779296875,49594600,AAPL
189,2023-10-04,169.26634637027362,172.3531005247124,169.14763028223018,171.8089599609375,53020300,AAPL
190,2023-10-05,171.93758200671277,173.5798918450903,170.83941278902026,173.045654296875,48527900,AAPL
191,2023-10-06,171.94747372177912,176.092815045354,171.33407201891083,175.59814453125,57266700,AAPL
192,2023-10-09,174.9253669894116,177.1414961017949,173.92613808717138,177.08213806152344,42390800,AAPL
193,2023-10-10,176.20163840129018,177.80436599291428,176.05322819338144,176.48854064941406,43698000,AAPL
194,2023-10-11,176.30057789253502,177.9329997364432,175.7069823006886,177.88352966308594,47551100,AAPL
195,2023-10-12,178.1506814733392,180.396475182863,177.13164612403907,178.7838592529297,56743100,AAPL
196,2023-10-13,179.4862324115919,179.99079085887703,176.24119532002288,176.94363403320312,51427100,AAPL
197,2023-10-16,174.86601479996662,177.17118104988546,174.6285675347915,176.8150177001953,52517000,AAPL
198,2023-10-17,174.76710920704838,176.51824728047166,172.9368371257381,175.26177978515625,57549400,AAPL
199,2023-10-18,173.7085055181981,175.68718764266174,173.24351401125745,173.96572875976562,54764400,AAPL
200,2023-10-19,174.16358722416024,175.9444040866048,173.32265641144056,173.58978271484375,59302900,AAPL
201,2023-10-20,173.44138408316581,173.55021220691836,170.79984518424126,171.03729248046875,64244000,AAPL
202,2023-10-23,169.08827156264798,172.15521956196545,168.11870652701532,171.15599060058594,55980100,AAPL
203,2023-10-24,171.20546620053886,171.81885280099095,169.62251453312876,171.59130859375,43816600,AAPL
204,2023-10-25,170.04796051874604,171.21537582153513,168.83106004342108,169.27627563476562,57157000,AAPL
205,2023-10-26,168.55401686361284,169.55326090861308,163.90411730631092,165.11111450195312,70625300,AAPL
206,2023-10-27,165.13090664912622,167.1590586780216,165.05175755916278,166.42694091796875,58499100,AAPL
207,2023-10-30,167.218431744534,169.3455090048735,167.07002152646473,168.47488403320312,51131000,AAPL
208,2023-10-31,167.5448753835713,169.07834159118553,166.11031910500105,168.94973754882812,44846000,AAPL
209,2023-11-01,169.1773025316942,172.37286957481675,168.30667766450742,172.1156463623047,56934900,AAPL
210,2023-11-02,173.64913976332178,175.88504503012373,173.58978171760563,175.6772918701172,77334800,AAPL
211,2023-11-03,172.38278939451087,174.93529110628108,171.5022764668811,174.76708984375,79829200,AAPL
212,2023-11-06,174.49996733550321,177.51744525540883,174.3317811800047,177.319580078125,63841300,AAPL
213,2023-11-07,177.2701137835187,180.495375116872,177.06236062659886,179.88198852539062,70530000,AAPL
214,2023-11-08,180.40632954214095,181.4945955371222,179.65442075331012,180.94056701660156,49340300,AAPL
215,2023-11-09,181.00982351508927,182.15744752284814,179.87207238589124,180.46568298339844,53763500,AAPL
216,2023-11-10,182.2488540012565,184.8245355233408,181.81296804065445,184.65611267089844,66133400,AAPL
217,2023-11-13,184.0815522328342,184.28957909475855,182.4866141219331,183.0710906982422,43627500,AAPL
218,2023-11-14,185.94394820695575,186.35011603301572,184.55705211313364,185.68638610839844,60108400,AAPL
219,2023-11-15,186.09256123667055,187.72711849110286,186.02320887124122,186.2510528564453,53790500,AAPL
220,2023-11-16,187.79646053927942,189.1734556093977,186.88505441646575,187.93515014648438,54412900,AAPL
221,2023-11-17,188.47010270019993,188.5988913131576,186.80582731444395,187.91534423828125,50922700,AAPL
222,2023-11-20,188.11347160798348,190.1145776039652,188.10357060538217,189.65887451171875,46505100,AAPL
223,2023-11-21,189.61926104331656,189.72823253932046,187.9648865974642,188.85646057128906,38134500,AAPL
224,2023-11-22,189.69851123933077,191.12502655036587,189.0446822742513,189.5201873779297,39617700,AAPL
225,2023-11-24,189.08432308458063,189.1140412122163,187.47948372810842,188.1927490234375,24048300,AAPL
226,2023-11-27,188.14317764380084,188.88616092409407,187.13271615011263,188.01438903808594,40552600,AAPL
227,2023-11-28,188.0045033953615,189.29234420962146,187.62805366546104,188.6186981201172,38415400,AAPL
228,2023-11-29,189.11401237919708,190.29288164913223,187.2020759179661,187.59832763671875,43014200,AAPL
229,2023-11-30,188.06392585220516,188.53944603911236,186.42936866830843,188.1728973388672,48794400,AAPL
230,2023-12-01,188.54936135651158,189.76784980640184,187.4596464071562,189.4508514404297,45704800,AAPL
231,2023-12-04,188.2026180609542,188.27197042434886,185.69628894913777,187.6577606201172,43389500,AAPL
232,2023-12-05,188.43046796633192,192.58125508438908,188.40073472916,191.6104278564453,66628400,AAPL
233,2023-12-06,192.6308143978356,192.93791176533594,190.3127099631217,190.520751953125,41089700,AAPL
234,2023-12-07,191.81848755335412,193.17566559760107,191.7788533108163,192.45249938964844,47477700,AAPL
235,2023-12-08,192.38313041357762,194.15639227120218,191.8580901155405,193.87901306152344,53406400,AAPL
236,2023-12-11,191.30332816215127,191.6797778466323,189.62913681721145,191.37266540527344,60943700,AAPL
237,2023-12-12,191.27362671385956,192.8982829604503,189.92634969600132,192.8883819580078,52696900,AAPL
238,2023-12-13,193.26481149731427,196.1475903161728,193.02706651664724,196.10797119140625,70404200,AAPL
239,2023-12-14,196.16742216364264,197.75244424587422,194.32482284497263,196.25657653808594,66831600,AAPL
240,2023-12-15,195.6819844119138,196.54384019084355,195.15694409646994,195.72161865234375,128538400,AAPL
241,2023-12-18,194.25545312358386,194.79040955452615,192.5713606983871,194.0573272705078,55751900,AAPL
242,2023-12-19,194.32480226669028,195.10740466398735,194.05732405565033,195.09750366210938,40714100,AAPL
243,2023-12-20,195.05787394759355,195.8305753609382,193.0072479248047,193.0072479248047,52242800,AAPL
244,2023-12-21,194.26537091395173,195.23619818360498,191.6896894536902,192.858642578125,46482500,AAPL
245,2023-12-22,193.35394675355903,193.58180582555468,191.16463132079943,191.7887420654297,37149600,AAPL
246,2023-12-26,191.79865490672267,192.0760341178965,191.02595351616222,191.243896484375,28919300,AAPL
247,2023-12-27,190.68915794498034,191.6897034098951,189.3022466284661,191.3429718017578,48087700,AAPL
248,2023-12-28,192.32370988068791,192.8388492190412,191.36278357008254,191.76895141601562,34049900,AAPL
249,2023-12-29,192.08593771837442,192.58125990446206,189.9362412446781,190.728759765625,42672100,AAPL
250,2024-01-02,185.3991117688797,186.67705163638013,182.16961614691823,183.9032440185547,82488700,AAPL
251,2024-01-03,182.49652699212288,184.14100045386294,181.7139093893273,182.5262451171875,58414500,AAPL
252,2024-01-04,180.4458443112642,181.37705232596554,179.18773699577187,180.20809936523438,71983600,AAPL
253,2024-01-05,180.28738953880892,181.05017488447822,178.48440937769652,179.48495483398438,62379700,AAPL
254,2024-01-08,180.38645226507356,183.86362411289957,179.80197564152536,183.82398986816406,59144500,AAPL
255,2024-01-09,182.19931060924736,183.41779895114087,181.0204413910758,183.40789794921875,42841800,AAPL
256,2024-01-10,182.62532257674977,184.65613174178498,182.1993375745178,184.44810485839844,46792900,AAPL
257,2024-01-11,184.79480792904317,185.3000462697353,181.90212796654464,183.85369873046875,49128400,AAPL
258,2024-01-12,184.3192926371913,184.99293868218925,183.45743685571247,184.18060302734375,40477800,AAPL
259,2024-01-16,180.45578462721193,182.5361287641061,179.23728115128065,181.9120330810547,65603000,AAPL
260,2024-01-17,179.57411959355028,181.2185778549055,178.613193289656,180.97091674804688,47317400,AAPL
261,2024-01-18,184.34903461223058,187.37050341346043,184.09147247948349,186.8652801513672,78005800,AAPL
262,2024-01-19,187.55873492259758,190.15421881279246,187.05351164263914,189.7678680419922,68903000,AAPL
263,2024-01-22,190.50092877344645,193.50258021639056,190.46129453087994,192.0760498046875,60133900,AAPL
264,2024-01-23,193.19546652112328,193.91863266844476,192.01659731903075,193.3539581298828,42355600,AAPL
265,2024-01-24,193.59175002999643,194.54277541900203,192.52185213587853,192.68035888671875,53631300,AAPL
266,2024-01-25,193.39358838897635,194.43376796447615,191.30332823639347,192.35340881347656,54822100,AAPL
267,2024-01-26,192.45249496932922,192.93790105900956,190.14429166563914,190.6197967529297,44594000,AAPL
268,2024-01-29,190.2136280052267,190.4018528619721,187.8063693410428,189.93624877929688,47145600,AAPL
269,2024-01-30,189.15363947733223,190.00559424490717,185.71610228505008,186.28076171875,55859400,AAPL
270,2024-01-31,185.2901205380725,185.34957189909602,182.62529981948686,182.67481994628906,55467800,AAPL
271,2024-02-01,182.26864171710477,185.2009402436754,182.1002340078653,185.11178588867188,64885400,AAPL
272,2024-02-02,178.1773017145222,185.5774165638072,177.57300802816712,184.11126708984375,102551700,AAPL
273,2024-02-05,186.38975267397447,187.47946764726828,184.1013663460926,185.9241485595703,69668800,AAPL
274,2024-02-06,185.1118168962398,187.53889270164484,185.02266252630227,187.52899169921875,43490800,AAPL
275,2024-02-07,188.85644306077413,189.26261088240534,186.84543618864265,187.63795471191406,53439000,AAPL
276,2024-02-08,187.6181328392653,187.76672344534998,185.59722501634783,186.5581512451172,40962000,AAPL
277,2024-02-09,187.12353611951417,188.45270503827624,186.47880163607178,187.32192993164062,45155200,AAPL
278,2024-02-12,186.8954092628083,187.14338640307878,185.27859346494134,185.63568115234375,41781900,AAPL
279,2024-02-13,184.26684396147397,184.70328611762721,182.02512109310902,183.54273986816406,56529500,AAPL
280,2024-02-14,183.82047352517276,184.0287658151745,180.96377246543662,182.65992736816406,54630500,AAPL
281,2024-02-15,182.06480997798818,182.99720639873473,179.8826142837668,182.37229919433594,65434500,AAPL
282,2024-02-16,181.93587327545112,183.35431044132238,180.20003322850718,180.83485412597656,49752500,AAPL
283,2024-02-20,180.31906186936408,180.9538827825082,178.54355209419236,180.09092712402344,53665600,AAPL
284,2024-02-21,180.46782702325083,181.41013702999714,179.19818540957374,180.84475708007812,41371400,AAPL
285,2024-02-22,181.99537582737872,183.463411373256,180.98364000764028,182.878173828125,52292200,AAPL
286,2024-02-23,183.51299444569602,183.54275049121756,180.75548990166286,181.04315185546875,45119700,AAPL
287,2024-02-26,180.76540051034647,181.28118200444274,179.1882545795608,179.6941375732422,40867400,AAPL
288,2024-02-27,179.63464855081253,182.43182285515786,178.10710087323727,181.1522674560547,54318900,AAPL
289,2024-02-28,181.03321827875988,181.6382830805114,178.67248629654023,179.95204162597656,48953900,AAPL
290,2024-02-29,179.80327228471162,181.09275646398507,178.07734590919267,179.2874755859375,136682600,AAPL
291,2024-03-01,178.0971730296413,179.06923911535185,175.94473341504965,178.20628356933594,73563100,AAPL
292,2024-03-04,174.7246735635979,175.46860492728393,172.38376893378626,173.6831817626953,81510100,AAPL
293,2024-03-05,169.37829007310003,170.6479317427376,168.24751498810025,168.74346923828125,95132400,AAPL
294,2024-03-06,169.67587669286206,169.85442810491517,167.31512946505867,167.75157165527344,68587700,AAPL
295,2024-03-07,167.78131806385875,169.34853532264208,167.12666995146384,167.63253784179688,71765100,AAPL
296,2024-03-08,167.6325286145872,172.29449531822434,167.57301652903823,169.34852600097656,76267000,AAPL
297,2024-03-11,171.54066841678448,172.96901916174485,170.65787040570808,171.35220336914062,60139500,AAPL
298,2024-03-12,171.74896885963832,172.62185327512867,169.62628505087014,171.8283233642578,59825400,AAPL
299,2024-03-13,171.37204497358655,171.78864474969012,169.37829909505535,169.7453155517578,52488700,AAPL
300,2024-03-14,171.5108905650266,172.89955631533712,170.65784870831544,171.60015869140625,72913500,AAPL
301,2024-03-15,169.7849869531436,171.22325134277344,168.91210257419098,171.22325134277344,121752700,AAPL
302,2024-03-18,174.1493830977455,176.27206668827822,172.11596763998543,172.31434631347656,75604200,AAPL
303,2024-03-19,172.92931675607417,175.18095319129145,171.62991909909198,174.65524291992188,55215200,AAPL
304,2024-03-20,174.29817691484007,177.22430419921875,173.67326966604173,177.22430419921875,53423100,AAPL
305,2024-03-21,175.61738497601507,176.05382709299283,169.4576271619808,169.98333740234375,106181300,AAPL
306,2024-03-22,170.37020490965267,171.64977539848843,168.68396342338923,170.88600158691406,71160100,AAPL
307,2024-03-25,169.1898266673456,170.54873636107317,168.0788789435942,169.46755981445312,54288300,AAPL
308,2024-03-26,168.62446935677252,170.03297781398425,168.20786954283594,168.33682250976562,57388400,AAPL
309,2024-03-27,169.03114031499092,172.19533102381604,168.73356472173438,171.9076690673828,60273300,AAPL
310,2024-03-28,170.36027251639132,170.83638432396197,169.13030061690222,170.0924530029297,65672700,AAPL
311,2024-04-01,169.80480748103986,169.86431956551354,168.10863739693175,168.65419006347656,46240500,AAPL
312,2024-04-02,167.71189467068976,167.96978543762384,166.86876637308836,167.4738311767578,49329500,AAPL
313,2024-04-03,167.42424073989756,169.29894733031932,167.2159484161416,168.27728271484375,47691700,AAPL
314,2024-04-04,168.9120862737285,170.5289019190824,167.45399475097656,167.45399475097656,53704400,AAPL
315,2024-04-05,168.217753601793,169.01128340394683,167.58293278713433,168.2078399658203,42104800,AAPL
316,2024-04-08,167.66231443659373,167.83093708737283,166.87871327881734,167.08700561523438,37425500,AAPL
317,2024-04-09,167.33498182341344,168.7038205676874,166.98782288624614,168.29713439941406,42373800,AAPL
318,2024-04-10,167.43415997850798,167.72180678766216,165.75783217031642,166.4224090576172,49709300,AAPL
319,2024-04-11,166.97787330186227,174.040272115757,166.7993370367697,173.6236572265625,91070300,AAPL
320,2024-04-12,172.8499658132502,176.91679662448954,172.80038249764078,175.12144470214844,101670900,AAPL
321,2024-04-15,173.94107267383276,175.20080068867838,171.10421379905583,171.2926788330078,73531800,AAPL
322,2024-04-16,170.36027866522625,172.354009228837,166.9084414489389,168.00946044921875,73711200,AAPL
323,2024-04-17,168.23761366668208,169.2691919230274,166.64064025878906,166.64064025878906,50901200,AAPL
324,2024-04-18,166.67039519798726,167.27546002889196,165.20237475763562,165.6884002685547,43122900,AAPL
325,2024-04-19,164.86513304300607,165.05358296102196,162.75236290762146,163.6649169921875,68149400,AAPL
326,2024-04-22,164.18070504913473,165.9066162144586,163.43677364744048,164.49810791015625,48116400,AAPL
327,2024-04-23,164.01208389352126,165.69832539217154,163.58555534900174,165.54953002929688,49537800,AAPL
328,2024-04-24,165.19244539313124,167.93012271313196,164.86512888648411,167.6523895263672,48251800,AAPL
329,2024-04-25,168.15824741627387,169.2295104164757,166.78940883790665,168.5153350830078,50558300,AAPL
330,2024-04-26,168.50542350147623,169.95360145871248,167.81107543218243,167.93011474609375,44838400,AAPL
331,2024-04-29,171.96716217122307,174.60564226594082,171.69935778865286,172.0961151123047,68169400,AAPL
332,2024-04-30,171.92750782528833,173.57407962239418,168.6244505944639,168.9517822265625,65934800,AAPL
333,2024-05-01,168.20784791968214,171.31252641733016,167.74164970644674,167.93011474609375,50383100,AAPL
334,2024-05-02,171.11413192483198,172.0167723030629,169.50724497899176,171.6299285888672,94214900,AAPL
335,2024-05-03,185.13970898312533,185.48688300008854,181.1820038934194,181.89617919921875,163224100,AAPL
336,2024-05-06,180.87452115240256,182.70954279745968,178.9601298757301,180.2397003173828,78569700,AAPL
337,2024-05-07,181.96559437964424,183.4038585438568,179.85283976309742,180.92408752441406,77305800,AAPL
338,2024-05-08,181.37049360808004,181.58871471095884,179.98181248654907,181.26138305664062,45057100,AAPL
339,2024-05-09,181.08280763590477,183.16582147443802,180.6364518520254,183.07655334472656,48983000,AAPL
340,2024-05-10,183.6526350835399,183.84135574437508,180.9013327671207,181.81512451171875,50759500,AAPL
341,2024-05-13,184.18898588060125,185.83779081511702,183.3745104951717,185.0233154296875,72044800,AAPL
342,2024-05-14,186.245019986336,187.02969899838186,185.0332491027049,186.16555786132812,52393600,AAPL
343,2024-05-15,186.6423374407049,189.36384333151435,186.1059718662387,188.44012451171875,70400000,AAPL
344,2024-05-16,189.18505039119887,189.81080512810087,188.38051724709635,188.55929565429688,52845200,AAPL
345,2024-05-17,188.2315240914744,189.5227570757438,187.90374851544715,188.58909606933594,41282900,AAPL
346,2024-05-20,188.05276500067424,190.6252889956646,187.73491647398643,189.751220703125,44361300,AAPL
347,2024-05-21,189.80088903544183,191.42982486744873,189.63203768676544,191.05239868164062,42309400,AAPL
348,2024-05-22,190.9729201671483,191.5192128106237,188.9864124860383,189.61215209960938,34648500,AAPL
349,2024-05-23,189.69162509909052,189.7114944206788,185.370979738518,185.61929321289062,51005900,AAPL
350,2024-05-24,187.54620129756856,189.2943226367172,186.771449342652,188.6983642578125,36327000,AAPL
351,2024-05-28,190.21803261577213,191.69798625592665,187.82430244055638,188.7082977294922,52280100,AAPL
352,2024-05-29,188.33088121296123,190.95307102285372,188.23154975607,189.00628662109375,53068000,AAPL
353,2024-05-30,189.47310363654154,190.88352231957748,189.34399093884022,189.99952697753906,49889100,AAPL
354,2024-05-31,190.14851552916033,191.2708972062775,188.62883838261533,190.9530487060547,75158300,AAPL
355,2024-06-03,191.5986723140291,193.67458449503022,191.22124613590765,192.72105407714844,50080500,AAPL
356,2024-06-04,193.3269468870457,194.00236744942592,191.72780743235197,193.03890991210938,47471400,AAPL
357,2024-06-05,194.0818144537235,195.571695368637,193.55539107625557,194.54864501953125,54156800,AAPL
358,2024-06-06,194.36987376952155,195.1744070683784,192.86012347629529,193.16802978515625,41181800,AAPL
359,2024-06-07,193.33685821193552,195.6114180436154,192.83030419832767,195.56175231933594,53103900,AAPL
360,2024-06-10,195.57168290202756,195.96899354752293,190.8537269722117,191.8171844482422,97010200,AAPL
361,2024-06-11,192.34359145933493,205.7624599378956,192.32373729563466,205.7525177001953,172373300,AAPL
362,2024-06-12,205.97103997359795,218.7144883134223,205.50420946534445,211.63259887695312,198134300,AAPL
363,2024-06-13,213.29135046662026,215.2877853731434,210.17253378994005,212.7947235107422,97862700,AAPL
364,2024-06-14,212.40735976944958,213.71844708080008,209.87455920751867,211.05653381347656,70122700,AAPL
365,2024-06-17,211.93055717808846,217.4729151673675,211.28494827432186,215.2082977294922,93728300,AAPL
366,2024-06-18,216.12210108008887,217.15509356895643,211.56306955662498,212.8443603515625,79943300,AAPL
367,2024-06-20,212.48680152632818,212.79472296910444,207.4410850045998,208.26547241210938,86172500,AAPL
368,2024-06-21,208.9706859649803,210.4605668046439,205.71281440805072,206.0902557373047,241805100,AAPL
369,2024-06-24,206.3187207615107,211.26512140596267,205.1963388988781,206.7358856201172,80727000,AAPL
370,2024-06-25,207.73903864641352,209.95400566525086,207.20268823087267,207.6595916748047,55549700,AAPL
371,2024-06-26,210.07319184959564,213.41052543273105,209.21899292189278,211.81138610839844,66213200,AAPL
372,2024-06-27,213.2416710401095,214.28459061162127,210.91746067332394,212.65565490722656,49772700,AAPL
373,2024-06-28,214.31437813701,214.61235731022026,208.88127860134253,209.19911193847656,82542700,AAPL
374,2024-07-01,210.65919906394006,216.04263295008636,210.49034773322808,215.2877655029297,60402900,AAPL
375,2024-07-02,214.69182595520752,218.89330089441245,213.6489214774443,218.78404235839844,58046200,AAPL
376,2024-07-03,218.51584293427166,220.05538940429688,217.55238550522975,220.05538940429688,37369800,AAPL
377,2024-07-05,220.15471670620812,224.92233836715073,220.15471670620812,224.81307983398438,60412400,AAPL
378,2024-07-08,225.55802531049062,226.31290797690275,221.7439339584199,226.28311157226562,59085900,AAPL
379,2024-07-09,226.39232772835348,227.85241200340494,224.84285425013968,227.13726806640625,48076100,AAPL
380,2024-07-10,227.75311249906628,231.50761086701095,227.70344677503346,231.4082794189453,62627700,AAPL
381,2024-07-11,229.82899641925098,230.82225022030326,224.2469149072093,226.03477478027344,64710600,AAPL
382,2024-07-12,227.3756899381295,231.07059580434316,227.13730353661973,228.98475646972656,53046500,AAPL
383,2024-07-15,234.88468027763452,235.62962070976812,231.5175501306247,232.81871032714844,62631300,AAPL
384,2024-07-16,233.41466404542834,234.67610072880163,230.76267797901863,233.2358856201172,43234300,AAPL
385,2024-07-17,227.90208429219518,229.89853415546077,225.1110435034522,227.3359375,57345900,AAPL
386,2024-07-18,228.7265187407576,228.88544301040346,220.77056004528671,222.66766357421875,66034600,AAPL
387,2024-07-19,223.30335264411235,225.2699911539264,221.77373312637206,222.79678344726562,49151500,AAPL
388,2024-07-22,225.47858555528356,226.2433953805214,221.585031685846,222.4491729736328,48201800,AAPL
389,2024-07-23,222.8563682936816,225.40903804109774,221.17776681088287,223.49205017089844,39960300,AAPL
390,2024-07-24,222.48886176091068,223.28346786979841,215.66521268088363,217.06568908691406,61777600,AAPL
391,2024-07-25,217.45306951901438,219.36013034825794,213.17214762576046,216.02279663085938,51391200,AAPL
392,2024-07-26,217.22462220056258,218.0093012590926,214.55276681781487,216.4896240234375,41601300,AAPL
393,2024-07-29,215.49638213713573,217.82059272630025,214.294538197557,216.7677459716797,36311800,AAPL
394,2024-07-30,217.71134305668522,218.84365199158069,214.66204605269346,217.323974609375,41643800,AAPL
395,2024-07-31,219.94615098169663,222.31010016667176,219.14161772956027,220.5818328857422,50036300,AAPL
396,2024-08-01,222.85636745689294,222.96562598955987,215.5559605569344,216.8869171142578,62501000,AAPL
397,2024-08-02,217.67159881719564,224.07809897050203,216.24132584869807,218.37681579589844,105568600,AAPL
398,2024-08-05,197.74691336614487,212.0597055615941,194.6777624827749,207.85824584960938,119548600,AAPL
399,2024-08-06,203.91502798694503,208.5733911865651,199.7135682482994,205.83200073242188,69660500,AAPL
400,2024-08-07,205.5042262843129,212.19876304064402,204.99767225034321,208.404541015625,63516400,AAPL
401,2024-08-08,211.67233918968967,212.7549823030523,207.42121371107248,211.87098693847656,47161100,AAPL
402,2024-08-09,210.66916408754707,215.31758519349225,210.5400362270979,214.78123474121094,42201600,AAPL
403,2024-08-12,214.86078610016068,218.28152162650582,214.39341520959198,216.31260681152344,38028100,AAPL
404,2024-08-13,217.7843155173404,220.64820259017597,217.7843155173404,220.03167724609375,44155300,AAPL
405,2024-08-14,219.33559848009435,221.7818227179272,218.4704570730026,220.47915649414062,41960600,AAPL
406,2024-08-15,223.34303300242357,224.0888356302054,221.51331902381992,223.4623565673828,46414000,AAPL
407,2024-08-16,222.66684293368954,225.56056092969672,222.39834972442236,224.78492736816406,44340200,AAPL
408,2024-08-19,224.45676193958974,224.7252551363764,221.79175263729985,224.6258087158203,40687800,AAPL
409,2024-08-20,224.50649118022673,225.89865006504533,224.18827476461456,225.24234008789062,30299000,AAPL
410,2024-08-21,225.25230383574092,226.70412456960102,223.7905293550798,225.13296508789062,34765500,AAPL
411,2024-08-22,226.51518775043243,227.06211276120644,222.6469583809866,223.2734375,43695300,AAPL
412,2024-08-23,224.39712188969804,226.9427926991927,223.07456326985692,225.5705108642578,38677300,AAPL
413,2024-08-26,225.49095216733542,226.00804628168004,222.6370187250734,225.90859985351562,30602200,AAPL
414,2024-08-27,224.73520717839608,227.5692634267734,223.63141860700006,226.75384521484375,35934600,AAPL
415,2024-08-28,226.64446298605537,228.57360836626125,224.41699349604747,225.22247314453125,38052200,AAPL
416,2024-08-29,228.8122756660522,231.61648594304322,227.5991020536236,228.50399780273438,51906300,AAPL
417,2024-08-30,228.90175696593346,229.11057321557684,226.2069166530855,227.71841430664062,52990800,AAPL
418,2024-09-03,227.27093626472063,227.71841483123856,219.9322331496077,221.52328491210938,50190600,AAPL
419,2024-09-04,220.41949337418052,220.53881694406624,216.2628786668988,219.61402893066406,43840200,AAPL
420,2024-09-05,220.38966486266608,224.2181094473344,220.28027986462445,221.13546752929688,36615400,AAPL
421,2024-09-06,222.69668624975694,223.97947540850993,218.5400864277892,219.58421325683594,48423000,AAPL
422,2024-09-09,219.58419811845144,220.03167667908036,215.49719894103853,219.67369079589844,67180000,AAPL
423,2024-09-10,217.69481595725216,220.24048653111632,215.5170698289156,218.87815856933594,51591000,AAPL
424,2024-09-11,220.22061344649163,221.8414808899648,216.670585544778,221.4138946533203,44587100,AAPL
425,2024-09-12,221.25479170284098,222.29891847364556,218.5897974500539,221.52328491210938,37455600,AAPL
426,2024-09-13,222.3287642541488,222.78618142445666,220.66811202153605,221.2548065185547,36766600,AAPL
427,2024-09-16,215.328129813119,216.0043320914465,212.7227974671536,215.109375,59357400,AAPL
428,2024-09-17,214.5425786319653,215.68613671290518,213.29957412077198,215.57675170898438,45519300,AAPL
429,2024-09-18,216.33251398665766,221.46364038861367,216.32256023932743,219.45494079589844,59894900,AAPL
430,2024-09-19,223.7308812843982,228.53385270483295,223.37289536568892,227.5891571044922,66781300,AAPL
431,2024-09-20,228.68298057338347,231.78551472560144,226.34612621296694,226.92288208007812,318679900,AAPL
432,2024-09-23,226.06770192621624,228.16589404695566,224.54626569168985,225.20257568359375,54146000,AAPL
433,2024-09-24,227.37036953161189,228.06646416724695,224.4667129366972,226.0975341796875,43556100,AAPL
434,2024-09-25,223.6711754067507,226.01796830972677,222.76627973963284,225.10311889648438,42308700,AAPL
435,2024-09-26,226.02793410267134,227.22121534991766,224.14851196557498,226.2467041015625,36636700,AAPL
436,2024-09-27,227.18143093581907,228.2354962210898,226.02791923090672,226.51516723632812,34026000,AAPL
437,2024-09-30,228.75258844686658,231.69602966308594,228.3647716650959,231.69602966308594,54541900,AAPL
438,2024-10-01,228.23551952322458,228.364781673884,222.48786790384585,224.9440460205078,63285000,AAPL
439,2024-10-02,224.62583039487592,226.09754348610434,221.77189689552054,225.51084899902344,32880600,AAPL
440,2024-10-03,223.88001079844628,225.5406628776434,222.0702042586661,224.40704345703125,34044200,AAPL
441,2024-10-04,226.6245660168141,226.72401244250622,222.87567550784985,225.53073120117188,37245100,AAPL
442,2024-10-07,223.24361256318196,224.42695529805295,220.09135491038006,220.4493408203125,39505400,AAPL
443,2024-10-08,223.04474092880676,224.7153317715784,222.0006140653767,224.5065155029297,31855700,AAPL
444,2024-10-09,223.96950943919006,228.46421777631028,223.57175408478048,228.25538635253906,33591100,AAPL
445,2024-10-10,226.50523572074002,228.21561101279016,225.89864895817115,227.7581787109375,28183500,AAPL
446,2024-10-11,228.0167412789572,228.12612627842185,226.0677036085129,226.2765350341797,31759200,AAPL
447,2024-10-14,227.4200987868959,230.43314046117197,227.32066753158787,230.00555419921875,39882100,AAPL
448,2024-10-15,232.3026279543652,236.1609188169062,231.06956201546166,232.54129028320312,64751400,AAPL
449,2024-10-16,230.30386376880503,230.8209426799016,228.55370384388218,230.48284912109375,34082200,AAPL
450,2024-10-17,232.12361966628396,232.5412825211578,229.22991678936268,230.8507843017578,32993800,AAPL
451,2024-10-18,234.8582339303053,234.8582339303053,232.70037994861724,233.68484497070312,46431500,AAPL
452,2024-10-21,233.13790198735873,235.52447953691794,233.13790198735873,235.1565399169922,36254500,AAPL
453,2024-10-22,232.5810475805218,234.89800969153723,231.29827366695753,234.54002380371094,38846600,AAPL
454,2024-10-23,232.76999409553275,233.82405947286142,226.4853561254601,229.46856689453125,52287000,AAPL
455,2024-10-24,228.69292294524882,229.52823345451665,227.131717270346,229.27963256835938,31109500,AAPL
456,2024-10-25,228.4542922398222,231.91481257552053,228.2852454458818,230.1149444580078,38802300,AAPL
457,2024-10-28,232.0142263332846,233.41632370284572,231.24853140811646,232.09376525878906,36087100,AAPL
458,2024-10-29,231.7954872619061,233.01859945208068,231.01985366097637,232.36228942871094,35417200,AAPL
459,2024-10-30,231.30821865562254,232.1634063461827,228.2653461113998,228.81227111816406,47070900,AAPL
460,2024-10-31,228.05651850818114,228.54378173572667,224.10873499320775,224.64572143554688,64370100,AAPL
461,2024-11-01,219.7333456007168,224.08883784550613,219.03726617591775,221.66249084472656,65276700,AAPL
462,2024-11-04,219.7532516264011,221.5431659237015,218.48041626355018,220.7675323486328,44944500,AAPL
463,2024-11-05,220.558703156551,222.69666464924057,219.90239319356397,222.199462890625,28111300,AAPL
464,2024-11-06,221.36417152277414,224.80481443000403,219.95212032394844,221.4735565185547,54561100,AAPL
465,2024-11-07,223.37286824297072,226.60467969295215,223.31320645932942,226.2069091796875,42137700,AAPL
466,2024-11-08,226.1471868576639,227.63048374280507,225.39061415381417,225.93814086914062,38328800,AAPL
467,2024-11-11,223.98695058099833,224.6837958336773,220.5027091275161,223.2204132080078,42005600,AAPL
468,2024-11-12,223.53897971785378,224.57429049467865,222.35433519325588,223.2204132080078,40398300,AAPL
469,2024-11-13,223.00141185159572,225.62952490733255,221.75703985190805,224.10641479492188,48566200,AAPL
470,2024-11-14,224.00686988588794,227.83952645793332,223.98695568104733,227.1924591064453,44923900,AAPL
471,2024-11-15,225.38065961406878,225.89832264008,223.26025997018442,223.98696899414062,47923700,AAPL
472,2024-11-18,224.2358449505769,228.70563485331775,224.15620331601912,226.99337768554688,44633700,AAPL
473,2024-11-19,225.95804731142948,229.123737666772,225.63949596937007,227.252197265625,36211800,AAPL
474,2024-11-20,227.0331781982001,228.89475383274825,224.8729502483013,227.9689483642578,35169600,AAPL
475,2024-11-21,227.8494991340082,229.1237348668511,224.69377351516385,227.49111938476562,42108300,AAPL
476,2024-11-22,227.0331737980822,229.68120098473537,227.0331737980822,228.83502197265625,38168300,AAPL
477,2024-11-25,230.41787789282506,232.19981188776785,228.70562083004268,231.82151794433594,90152800,AAPL
478,2024-11-26,232.2794717613211,234.50939199708804,232.2794717613211,234.00167846679688,45986200,AAPL
479,2024-11-27,233.41431778082386,234.6288260383393,232.75728573526553,233.8722381591797,33498400,AAPL
480,2024-11-29,233.75278591990275,236.73927868022366,232.91657159263394,236.26144409179688,28481400,AAPL
481,2024-12-02,236.2017296160342,239.70587037671794,236.0922242678823,238.5112762451172,48137100,AAPL
482,2024-12-03,238.73028547870095,241.66700046466846,237.82437898500294,241.5574951171875,38861000,AAPL
483,2024-12-04,241.77649398259703,243.01091645834052,240.16379275322726,241.91586303710938,44383900,AAPL
484,2024-12-05,242.8914746561807,243.43898620611924,241.03984843814553,241.94573974609375,40033900,AAPL
485,2024-12-06,241.81633519239523,243.5285923470879,240.99007032901886,241.74664306640625,36870600,AAPL
486,2024-12-09,240.74119161135067,246.12683738886614,240.6615499788263,245.6390380859375,44649200,AAPL
487,2024-12-10,245.77840669680953,247.09247084593116,244.23538234840328,246.65444946289062,36914800,AAPL
488,2024-12-11,246.84360125039836,249.67081089954078,245.15124311202538,245.38021850585938,45205800,AAPL
489,2024-12-12,245.77839247075497,247.62006903646127,244.57383373711528,246.8435821533203,32777500,AAPL
490,2024-12-13,246.70421556592945,248.16758302178013,245.13132757947596,247.0128173828125,33155300,AAPL
491,2024-12-16,246.87345818165343,250.2481944775453,246.53497744922532,249.9097137451172,51694800,AAPL
492,2024-12-17,248.95404406138837,252.68716009783537,248.655391740455,252.33872985839844,51356400,AAPL
493,2024-12-18,251.02469300208548,253.135143175504,246.62459517802284,246.93319702148438,56774100,AAPL
494,2024-12-19,246.38564624934875,250.86538527206417,245.9774886038804,248.6653289794922,60882300,AAPL
495,2024-12-20,246.92322076153135,253.8518908180873,244.58381048961357,253.3441925048828,147495300,AAPL
496,2024-12-23,253.62291772369178,254.49894524760987,252.30885365268378,254.12066650390625,40858800,AAPL
497,2024-12-24,254.3396705835317,257.0474099027653,254.14055892454206,257.0374755859375,23234700,AAPL
498,2024-12-26,257.0275101814573,258.9289141129315,256.47003399402934,257.853759765625,27237100,AAPL
499,2024-12-27,256.66914450564,257.53525297634997,251.92063167469624,254.43923950195312,42355300,AAPL
500,2024-12-30,251.0943626150189,252.3586488565982,249.62103037787767,251.0644989013672,35557500,AAPL
501,2024-12-31,251.30340504047,252.1396193404696,248.3069476803406,249.29249572753906,39480700,AAPL
502,2025-01-02,247.80922035937212,247.97846832553566,240.73124671787497,242.75210571289062,55740700,AAPL
503,2025-01-03,242.26429748535156,243.08059762167903,240.80091479245596,242.26429748535156,40244100,AAPL
504,2025-01-06,243.21003106356198,246.21643825220417,242.10502805254345,243.8969268798828,45045600,AAPL
505,2025-01-07,241.88599852058522,244.44443460073458,240.263347789176,241.11947631835938,40856000,AAPL
506,2025-01-08,240.83078235887348,242.61273160476242,238.9692066706783,241.60726928710938,37628900,AAPL
507,2025-01-10,238.9293760168756,239.0787097724967,231.95094323601768,235.7836151123047,61710900,AAPL
508,2025-01-13,232.47854174290725,233.61340834282421,228.6856985060818,233.34461975097656,49630700,AAPL
509,2025-01-14,233.69305795736565,235.05688478727922,231.4233246799516,232.22967529296875,39435300,AAPL
510,2025-01-15,233.58357326040942,237.88413049671612,233.37451206555187,236.7990264892578,39832000,AAPL
511,2025-01-16,236.28136958651152,236.9383864807084,227.0033243432251,227.23228454589844,71759100,AAPL
512,2025-01-17,231.07489856287185,231.24413133243607,227.4512878984511,228.9445343017578,68488300,AAPL
513,2025-01-21,222.99146586562136,223.40957304130882,218.39227174297113,221.63758850097656,98070400,AAPL
514,2025-01-22,218.80041619812283,223.1109227348787,218.80041619812283,222.82223510742188,64126500,AAPL
515,2025-01-23,223.72813912330528,226.00782197454978,221.29912251598503,222.6529998779297,60234800,AAPL
516,2025-01-24,223.76795755359672,224.61413662079448,220.4131353788753,221.77696228027344,54697900,AAPL
517,2025-01-27,223.01137104866308,231.10475600574816,222.9715426392062,228.8250732421875,94863400,AAPL
518,2025-01-28,229.81063008981926,239.1085741517517,229.77080167884077,237.187255859375,75707600,AAPL
519,2025-01-29,233.06589003597526,238.78005164957875,232.9563846938824,238.2823028564453,45486100,AAPL
520,2025-01-30,237.59540286874542,239.70585285329432,236.14198492507634,236.520263671875,55658300,AAPL
521,2025-01-31,246.0770438113447,246.0770438113447,232.38895238779278,234.9374237060547,100959800,AAPL
522,2025-02-03,228.9545099800506,230.78622201033428,224.68381655532258,226.98341369628906,73063300,AAPL
523,2025-02-04,226.2268166528706,232.08034706669682,225.62951205101965,231.7518310546875,45067300,AAPL
524,2025-02-05,227.50106167329415,231.62242106375825,227.24223776986636,231.42332458496094,39620300,AAPL
525,2025-02-06,230.24864925075528,232.74735812237688,229.3925206475463,232.1699676513672,29925300,AAPL
526,2025-02-07,231.55275755143822,232.946448173879,226.236788599926,226.60513305664062,39707200,AAPL
527,2025-02-10,228.7876615470872,229.80417456619486,226.42572786906877,226.8741912841797,33115600,AAPL
528,2025-02-11,227.4223198813819,234.42836130351915,227.35256634016287,231.82725524902344,53718400,AAPL
529,2025-02-12,230.41209906543347,236.15247950770552,229.89386689621963,236.06277465820312,45243300,AAPL
530,2025-02-13,236.10264318513748,241.514131106333,234.7672133917818,240.70689392089844,53614100,AAPL
531,2025-02-14,240.4278591482801,244.71320848741047,240.16875066053348,243.76644897460938,40896200,AAPL
532,2025-02-18,243.31796980618805,244.34445851454996,241.01584434943877,243.6368865966797,48822500,AAPL
533,2025-02-19,243.8262313730556,245.17162160901916,242.33134319523683,244.03550720214844,32204200,AAPL
534,2025-02-20,244.1052669318995,245.9389927126525,243.45747295470235,244.9922332763672,32316900,AAPL
535,2025-02-21,245.11182656230832,247.84249441981407,244.38431857946645,244.71319580078125,53197400,AAPL
536,2025-02-24,244.0953010258401,248.01191597096326,243.58704451830639,246.25791931152344,51326400,AAPL
537,2025-02-25,247.15485528022737,249.14803959700342,244.0753891604379,246.1981201171875,48013300,AAPL
538,2025-02-26,243.49736566903925,244.14514449402503,238.3150894487839,239.5408935546875,44433600,AAPL
539,2025-02-27,238.5941277716784,241.6337368385667,236.25213016109495,236.49131774902344,41153600,AAPL
540,2025-02-28,236.14250368420718,241.26498665715278,229.41550676334808,241.01583862304688,56833400,AAPL
541,2025-03-03,240.96600727263495,243.1983791446907,235.30537120652147,237.2188262939453,47184000,AAPL
542,2025-03-04,236.89992456399492,239.25188262538288,233.88023638606123,235.1259765625,53798100,AAPL
543,2025-03-05,234.61771347352882,235.7438674276595,228.44880585950324,234.93663024902344,47227600,AAPL
544,2025-03-06,233.64106399817908,237.04940729600818,232.3654272740836,234.5280303955078,45170400,AAPL
545,2025-03-07,234.30878315837532,240.54744460053885,233.95996981993864,238.2552947998047,46273600,AAPL
546,2025-03-10,234.73730306532093,235.35520052510583,223.45588808739058,226.70477294921875,72071200,AAPL
547,2025-03-11,223.04728218644934,225.0703629938446,216.7089556312574,220.08740234375,76137400,AAPL
548,2025-03-12,219.38980505207962,220.99431909322652,214.17763213362198,216.24057006835938,62547500,AAPL
549,2025-03-13,215.2140760046737,216.1010424274323,207.7097381833997,208.96543884277344,61368300,AAPL
550,2025-03-14,210.53007941159925,213.22087501834247,208.86577244295887,212.762451171875,60107600,AAPL
551,2025-03-17,212.58308562424435,214.4865804284824,209.25447123387838,213.27073669433594,48073400,AAPL
552,2025-03-18,213.43018643369246,214.4168029665515,210.76928711901598,211.96519470214844,42432400,AAPL
553,2025-03-19,213.4899719913265,218.01449366985423,213.02157246340184,214.50650024414062,54385400,AAPL
554,2025-03-20,213.2607508466693,216.74882322763474,211.4967785561088,213.37037658691406,48862900,AAPL
555,2025-03-21,210.83902892918795,218.09421843072647,210.55998434888178,217.5261688232422,94127800,AAPL
556,2025-03-24,220.24688262166092,220.72524263370704,217.83513125215714,219.97779846191406,44299500,AAPL
557,2025-03-25,220.01766257627696,223.33631640181736,219.33001153042758,222.9875030517578,34493600,AAPL
558,2025-03-26,222.7483031053444,224.25316696482244,219.71866969932233,220.77505493164062,34466100,AAPL
559,2025-03-27,220.63553483035878,224.22327264250706,219.80836152348044,223.087158203125,37094800,AAPL
560,2025-03-28,220.91456609374504,223.04727255158852,216.93815819229235,217.15740966796875,39818600,AAPL
561,2025-03-31,216.27045427307317,224.8511131847691,215.49311362240712,221.37301635742188,65299300,AAPL
562,2025-04-01,219.06091135294477,222.91771798921508,218.15400887457568,222.4293975830078,36412700,AAPL
563,2025-04-02,220.56578026164416,224.4225869866718,220.2667995775576,223.12701416015625,35905900,AAPL
564,2025-04-03,204.83954098981803,206.78290782089874,200.56416741637668,202.49755859375,103419000,AAPL
565,2025-04-04,193.2292544699453,199.19884701911502,186.70157274086588,187.738037109375,125910900,AAPL
566,2025-04-07,176.59612158290105,193.48835506739644,174.02491207450518,180.84161376953125,160466300,AAPL
567,2025-04-08,186.0637635998773,189.69135865616965,168.63337548243626,171.83242797851562,120859500,AAPL
568,2025-04-09,171.3640110222038,199.926344669284,171.30421792842867,198.17234802246094,184395900,AAPL
569,2025-04-10,188.42566697985896,194.1161990933285,182.37634591183127,189.77105712890625,121880000,AAPL
570,2025-04-11,185.46580802047046,198.85999394662434,185.42593581806156,197.4747314453125,87435900,AAPL
571,2025-04-14,210.71943358737073,212.21432171985006,200.4744681359889,201.829833984375,101352900,AAPL
572,2025-04-15,201.1720967653651,202.81646776904176,199.11911932089467,201.45114135742188,51343900,AAPL
573,2025-04-16,197.68401406478426,200.01603598224625,191.71442177543545,193.6079559326172,59732400,AAPL
574,2025-04-17,196.5279673080365,198.15241736523095,193.75744237056688,196.3087158203125,52164700,AAPL
575,2025-04-21,192.61134997705832,193.13954254760668,189.16313478921086,192.50172424316406,46742500,AAPL
576,2025-04-22,195.45165216386687,200.9030125684292,195.3021694205859,199.059326171875,52976400,AAPL
577,2025-04-23,205.29797863560773,207.29116289420588,202.10888686320854,203.9027557373047,52929200,AAPL
578,2025-04-24,204.1917605029567,208.11833592046503,202.248408894664,207.65989685058594,47311000,AAPL
579,2025-04-25,205.66670113907415,209.03518721035243,205.49728231156092,208.56678771972656,38222300,AAPL
580,2025-04-28,209.28436685718972,210.77925519188395,206.75302930142868,209.42388916015625,38743100,AAPL
581,2025-04-29,207.978817902887,211.51672307140856,207.6599011161091,210.490234375,36827600,AAPL
582,2025-04-30,208.58674127234366,212.8521544830753,205.96569903614,211.7758331298828,52286500,AAPL
583,2025-05-01,208.3674918385056,213.82881264887993,208.18809734114114,212.59304809570312,57365700,AAPL
584,2025-05-02,205.38767599056177,206.28461806468735,201.4710760745947,204.65020751953125,101010600,AAPL
585,2025-05-05,202.40787903175757,203.4044712176219,197.5345438511527,198.21221923828125,69018500,AAPL
586,2025-05-06,197.53454585917262,199.96621804369693,196.34859871285207,197.83351135253906,51216500,AAPL
587,2025-05-07,198.49125449640593,198.7603386318323,192.59143085844198,195.58120727539062,68536700,AAPL
588,2025-05-08,197.04619801698016,199.3682595147921,194.0165494128041,196.81698608398438,50478900,AAPL
589,2025-05-09,198.32183886048443,199.85658408831688,196.86680762308345,197.8534393310547,36453900,AAPL
590,2025-05-12,210.52675192915717,210.82612467262763,206.31561695740214,210.3471221923828,63775800,AAPL
591,2025-05-13,209.98788789546765,212.95164926547025,208.56089957562318,212.48263549804688,51909300,AAPL
592,2025-05-14,211.98369190366654,213.49052924285678,210.1375877621875,211.8839111328125,49325800,AAPL
593,2025-05-15,210.506803034962,212.51258988469863,209.0997617101353,211.00575256347656,45029500,AAPL
594,2025-05-16,211.9138418912236,212.12340739052024,209.3292870180407,210.81614685058594,54737900,AAPL
595,2025-05-19,207.47318710280226,209.0398806327114,203.83084657536088,208.3413543701172,46140500,AAPL
596,2025-05-20,207.23369558110693,208.03201787298204,204.5992426766309,206.42539978027344,42496600,AAPL
597,2025-05-21,204.7389515122616,206.6050179110669,200.2883301620853,201.66542053222656,59211800,AAPL
598,2025-05-22,200.28832240028711,202.32402973584547,199.28043462788855,200.93695068359375,46742400,AAPL
599,2025-05-23,193.2630967266574,197.28462846236872,193.05354646446796,194.8597412109375,78432900,AAPL
600,2025-05-27,197.88337691051132,200.31825293342968,197.01519441683536,199.78936767578125,56288500,AAPL
601,2025-05-28,200.16857290124128,202.3040763244224,199.48002009942556,199.99893188476562,45339700,AAPL
602,2025-05-29,203.15228556391767,203.38179807643976,198.09293019267844,199.5299072265625,51396800,AAPL
603,2025-05-30,198.95112277889336,201.53569281345096,196.36656797106642,200.4280242919922,70819900,AAPL
604,2025-06-02,199.85921507319503,201.70533435611304,199.69954757512772,201.27622985839844,35423300,AAPL
605,2025-06-03,200.92697696252267,203.34189080211323,200.53779694760377,202.8429412841797,46381600,AAPL
606,2025-06-04,202.4836823743862,205.80668775064265,201.67538665008354,202.3938751220703,43604000,AAPL
607,2025-06-05,203.07244608657666,204.3198198340372,199.72947835269025,200.20848083496094,55126100,AAPL
608,2025-06-06,202.57349663849442,205.26782088834017,201.62549563553227,203.49156188964844,46607700,AAPL
609,2025-06-09,203.96057412654167,205.56719211084615,199.59976040917107,201.02674865722656,72862600,AAPL
610,2025-06-10,200.17855851367187,203.92068000712237,200.14862275986277,202.24420166015625,54672600,AAPL
611,2025-06-11,203.0724503091444,204.07034932786254,197.99314795828434,198.36236572265625,60989900,AAPL
612,2025-06-12,198.66173587371065,199.26046614106752,196.94534836583952,198.78147888183594,43904600,AAPL
613,2025-06-13,199.3103695725812,199.9490243445518,195.2888376882346,196.03726196289062,51447300,AAPL
614,2025-06-16,196.8854859861783,198.27256505925683,196.1470352061455,198.0031280517578,43020700,AAPL
615,2025-06-17,196.78567812068002,197.97318035709665,194.79986887227625,195.2289581298828,38856200,AAPL
616,2025-06-18,195.52833742048526,197.15491770400297,194.66017014117494,196.1669921875,45394700,AAPL
617,2025-06-20,197.82351706190548,201.27623931614946,196.44641147314488,200.5777130126953,96813500,AAPL
618,2025-06-23,201.20637663769034,201.87496712850407,198.54198818263384,201.07664489746094,55814300,AAPL
619,2025-06-24,202.16436301176623,203.0125832870988,199.77938491343542,199.87918090820312,54064000,AAPL
620,2025-06-25,201.02675088646447,203.24208788881052,200.19849288768373,201.1365203857422,39525700,AAPL
621,2025-06-26,201.00680230384165,202.2142668779585,199.04095514509618,200.5777130126953,50799100,AAPL
622,2025-06-27,201.46584280819525,202.79305039965564,199.57981417332658,200.6575469970703,73188600,AAPL
623,2025-06-30,201.58557286233471,206.95427439094752,198.84135059390303,204.7389373779297,91912800,AAPL
624,2025-07-01,206.23578409144605,209.74839282792448,205.70689884063935,207.3833770751953,78788900,AAPL
625,2025-07-02,208.47108532398713,212.8917706186518,207.7026988246806,211.99366760253906,67941800,AAPL
626,2025-07-03,211.70426588787655,214.1990133776075,211.3649838836884,213.10133361816406,34955800,AAPL
627,2025-07-07,212.23315593085263,215.77570049162512,208.36131809352125,209.50889587402344,50229000,AAPL
628,2025-07-08,209.658593847986,210.98578616820197,208.01205130024096,209.5687713623047,42848900,AAPL
629,2025-07-09,209.0897778625777,210.8859991217609,206.78463359109693,210.69639587402344,48749400,AAPL
630,2025-07-10,210.06772774811225,213.03148920420767,209.58874045798783,211.9637451171875,44443600,AAPL
631,2025-07-11,210.12759762046792,211.68431760849728,209.41908263784933,210.7163543701172,39765800,AAPL
632,2025-07-14,209.48893166698292,210.46688365912564,207.10395364435493,208.1816864013672,38840100,AAPL
633,2025-07-15,208.7804390594974,211.44482767792792,208.48106630115817,208.67066955566406,42296300,AAPL
634,2025-07-16,209.85816533566302,211.9537441254909,208.20164932080104,209.7184600830078,47490500,AAPL
635,2025-07-17,210.12759810142074,211.3550095983717,209.14964612579556,209.57875061035156,48068100,AAPL
636,2025-07-18,210.42696659875526,211.34503189230253,209.25942654413325,210.73631286621094,48974600,AAPL
637,2025-07-21,211.65439331220318,215.32665448510335,211.18537954340883,212.03358459472656,51377400,AAPL
638,2025-07-22,212.69219192810166,214.49838667908332,211.78410018506472,213.9495391845703,46404100,AAPL
639,2025-07-23,214.54829351654996,214.69797228179937,211.9637386583707,213.7000732421875,46989300,AAPL
640,2025-07-24,213.45060308663847,215.23685093304425,213.08138530657155,213.31089782714844,46022600,AAPL
641,2025-07-25,214.24891808809048,214.7877920897316,212.95164630742312,213.43064880371094,40268800,AAPL
642,2025-07-28,213.5803337758995,214.39861831079742,212.61237047326716,213.6002960205078,37858000,AAPL
643,2025-07-29,213.73000061776605,214.3586818606333,210.37707459375494,210.8261260986328,51411700,AAPL
644,2025-07-30,211.454797150492,211.94377315400357,207.28358653790625,208.6107940673828,45512500,AAPL
645,2025-07-31,208.0519764228089,209.39913099136336,206.72476887181696,207.1339111328125,80698400,AAPL
646,2025-08-01,210.4269561886582,213.13126916468397,201.07664747870345,201.95480346679688,104434500,AAPL
647,2025-08-04,204.0803265791815,207.44325668811337,201.25627047720934,202.9227752685547,75109300,AAPL
648,2025-08-05,202.97265486934364,204.90858140720596,201.73526982787092,202.49366760253906,44155100,AAPL
649,2025-08-06,205.1979708684584,214.9274858636443,205.15804638253505,212.8019561767578,108483100,AAPL
650,2025-08-07,218.42014073215765,220.38600300495352,216.12496995802366,219.56771850585938,90224800,AAPL
651,2025-08-08,220.36603010589778,230.51466074526758,218.78934791515115,228.86813354492188,113854000,AAPL
652,2025-08-11,227.6992650180531,229.33767612130436,224.54232171734583,226.95997619628906,61806100,AAPL
653,2025-08-12,227.78917070894937,230.57647717809445,226.8500938879156,229.42758178710938,55626200,AAPL
654,2025-08-13,230.8462285986664,234.77241529044048,230.2068337695816,233.10403442382812,69878500,AAPL
655,2025-08-14,233.83332460758467,234.89229562265464,230.6264418350812,232.5545654296875,51916300,AAPL
656,2025-08-15,233.77337703316005,234.0531046408583,229.11788646444978,231.36570739746094,56038700,AAPL
657,2025-08-18,231.47561022214762,232.89423321308522,229.88715369469057,230.66639709472656,37476200,AAPL
658,2025-08-19,231.05601964615855,232.64447617946885,229.1278960385577,230.3367156982422,39402600,AAPL
659,2025-08-20,229.75726351111018,230.24679444121838,225.55134937034353,225.79110717773438,42263900,AAPL
660,2025-08-21,226.05087353353895,226.30063142153253,223.56327948127884,224.68218994140625,30621200,AAPL
661,2025-08-22,225.95095699429655,228.8681272027074,225.1916985271248,227.53941345214844,42477800,AAPL
662,2025-08-25,226.26065308481304,229.07792927219558,226.01089520624416,226.94000244140625,30983100,AAPL
663,2025-08-26,226.65028173376106,229.26775474756235,224.4724002828088,229.08792114257812,54575100,AAPL
664,2025-08-27,228.38860049855515,230.676376013076,228.03893336267103,230.26678466796875,31259500,AAPL
665,2025-08-28,230.59647266873003,233.18396075811214,229.11789497993007,232.33477783203125,38074700,AAPL
666,2025-08-29,232.28481317583598,233.15398096397084,231.145917853049,231.91517639160156,39418400,AAPL
667,2025-09-02,229.02798202980685,230.62643860177437,226.75019132336067,229.49752807617188,44075600,AAPL
668,2025-09-03,236.98028515930878,238.6186963224971,234.133039090421,238.2390594482422,66427800,AAPL
669,2025-09-04,238.21906152531412,239.66765417218173,236.51072617258424,239.5477752685547,47549400,AAPL
670,2025-09-05,239.76756781945676,241.08629675958926,238.25903569310344,239.45787048339844,54870400,AAPL
671,2025-09-08,239.06825064349684,239.91741830634814,236.11111057683257,237.64962768554688,48999500,AAPL
672,2025-09-09,236.77047435136637,238.5487492683241,233.13400016518182,234.123046875,66313900,AAPL
673,2025-09-10,231.96513778704139,232.19491077497392,225.73117543382176,226.5703582763672,83440800,AAPL
674,2025-09-11,226.66027725307507,230.22681187017153,226.43048902665416,229.80722045898438,50208600,AAPL
675,2025-09-12,228.9980136278554,234.28288383192944,228.79821036620638,233.84332275390625,55824200,AAPL
676,2025-09-15,236.77047667310174,237.95932665324483,234.80238330570734,236.47076416015625,42699500,AAPL
677,2025-09-16,236.9502954777413,240.98639147239973,236.09114297984144,237.9193572998047,63421100,AAPL
678,2025-09-17,238.73857528095925,239.86748583209587,237.4997706474641,238.75856018066406,46508000,AAPL
679,2025-09-18,239.737599946219,240.9664044724694,236.4208079152849,237.64962768554688,44249600,AAPL
680,2025-09-19,240.99636870073516,246.06146581163878,239.9773675285625,245.26223754882812,163741300,AAPL
681,2025-09-22,248.05953649140056,256.3914711896616,247.8797028858207,255.8319854736328,105517400,AAPL
682,2025-09-23,255.63220171436936,257.0907792625319,253.33442606621003,254.18359375,60275200,AAPL
683,2025-09-24,254.9728287261993,255.4923293909784,250.79686899703333,252.06564331054688,42303700,AAPL
684,2025-09-25,252.96477212582877,256.9209435623003,251.466224879955,256.6212158203125,55202100,AAPL
685,2025-09-26,253.8539172209246,257.3505275669758,253.5342198150173,255.2126007080078,46076300,AAPL
686,2025-09-29,254.31347273152574,254.75304905914027,252.76497075706976,254.18359375,40127700,AAPL
687,2025-09-30,254.61318058017173,255.67215158054225,252.8648753735947,254.38340759277344,37704300,AAPL
688,2025-10-01,254.7929996074261,258.53938316103813,254.6831055272507,255.20260620117188,48713900,AAPL
689,2025-10-02,256.33149581258533,257.9299523535748,253.9038565188199,256.8809814453125,42630200,AAPL
690,2025-10-03,254.42336451804394,258.9889308017334,253.70406057825727,257.7701110839844,49155600,AAPL
691,2025-10-06,257.7401350456914,258.819106172963,254.80299514816292,256.44140625,44664100,AAPL
692,2025-10-07,256.56129542181253,257.15072039039774,255.18262697514498,256.23162841796875,31955800,AAPL
693,2025-10-08,256.2715719294531,258.2696351050741,255.8619653198879,257.8100891113281,36496900,AAPL
694,2025-10-09,257.5603136690899,257.75013209688524,252.8948383011137,253.79396057128906,38322000,AAPL
695,2025-10-10,254.69310389004832,256.13171175032437,243.76369637579657,245.032470703125,61999100,AAPL
696,2025-10-13,249.13848619669534,249.44818352992385,245.32217845998096,247.42015075683594,38142900,AAPL
697,2025-10-14,246.36117950382103,248.60900042906025,244.46301046499008,247.53004455566406,35478000,AAPL
698,2025-10-15,249.24838988167792,251.5761352503302,247.2303418581919,249.09852600097656,33893600,AAPL
699,2025-10-16,248.00958596667436,248.79881419551728,244.8926123625184,247.21035766601562,39777000,AAPL
700,2025-10-17,247.77980070207627,253.13461023404025,247.03052706557392,252.045654296875,49147000,AAPL
701,2025-10-20,255.64218177653177,264.1239650925819,255.3824390623343,261.98602294921875,90483000,AAPL
702,2025-10-21,261.6263807259345,265.03308188579996,261.5764108568555,262.5155029296875,46695900,AAPL
703,2025-10-22,262.3956210979312,262.5954395959732,255.18261234613632,258.19970703125,45015300,AAPL
704,2025-10-23,259.68824995662277,260.36758405794774,257.76012648314656,259.3285827636719,32754900,AAPL
705,2025-10-24,260.93706434715574,263.87421967110856,258.9290010880386,262.56549072265625,38253700,AAPL
706,2025-10-27,264.6234656652487,268.8593494221352,264.3936774471076,268.5496520996094,44888200,AAPL
707,2025-10-28,268.7294713644567,269.6286240979669,267.8902885694659,268.7394714355469,41534800,AAPL
708,2025-10-29,269.01920560410514,271.1471476128123,266.85129379808274,269.4388122558594,51086700,AAPL
709,2025-10-30,271.72657092903916,273.87451306817263,268.2199910571769,271.13714599609375,69886500,AAPL
710,2025-10-31,276.721738255342,277.05143573891627,268.89933466249033,270.108154296875,86167100,AAPL
711,2025-11-03,270.15812755648943,270.5877038096653,265.9921525413924,268.7894287109375,50194600,AAPL
712,2025-11-04,268.0701070960229,271.22705027239556,267.36080327265466,269.7784729003906,49274800,AAPL
713,2025-11-05,268.3498399683747,271.43687417180433,266.67147434431234,269.8783874511719,43683100,AAPL
714,2025-11-06,267.6305743388968,273.1352174017799,267.6305743388968,269.50872802734375,51204000,AAPL
715,2025-11-07,269.5386899523433,272.02629915101613,266.51162568814635,268.2099914550781,48227400,AAPL
716,2025-11-10,268.9599914550781,273.7300109863281,267.4599914550781,269.42999267578125,41312400,AAPL
717,2025-11-11,269.80999755859375,275.9100036621094,269.79998779296875,275.25,46208300,AAPL
718,2025-11-12,275.0,275.7300109863281,271.70001220703125,273.4700012207031,48398000,AAPL
719,2025-11-13,274.1099853515625,276.70001220703125,272.0899963378906,272.95001220703125,49602800,AAPL
720,2025-11-14,271.04998779296875,275.9599914550781,269.6000061035156,272.4100036621094,47431300,AAPL
721,2025-11-17,268.82000732421875,270.489990234375,265.7300109863281,267.4599914550781,45018300,AAPL
722,2025-11-18,269.989990234375,270.7099914550781,265.32000732421875,267.44000244140625,45677300,AAPL
723,2025-11-19,265.5299987792969,272.2099914550781,265.5,268.55999755859375,40424500,AAPL
724,2025-11-20,270.8299865722656,275.42999267578125,265.9200134277344,266.25,45823600,AAPL
725,2025-11-21,265.95001220703125,273.3299865722656,265.6700134277344,271.489990234375,59030800,AAPL
726,2025-11-24,270.8999938964844,277.0,270.8999938964844,275.9200134277344,65585800,AAPL
727,2025-11-25,275.2699890136719,280.3800048828125,275.25,276.9700012207031,46914200,AAPL
728,2025-11-26,276.9599914550781,279.5299987792969,276.6300048828125,277.54998779296875,33431400,AAPL
729,2025-11-28,277.260009765625,279.0,275.989990234375,278.8500061035156,20135600,AAPL
730,2025-12-01,278.010009765625,283.4200134277344,276.1400146484375,283.1000061035156,46587700,AAPL
731,2025-12-02,283.0,287.3999938964844,282.6300048828125,286.19000244140625,53669500,AAPL
732,2025-12-03,286.20001220703125,288.6199951171875,283.29998779296875,284.1499938964844,43538700,AAPL
733,2025-12-04,284.1000061035156,284.7300109863281,278.5899963378906,280.70001220703125,43989100,AAPL
734,2025-12-05,280.5400085449219,281.1400146484375,278.04998779296875,278.7799987792969,47265800,AAPL
735,2025-12-08,278.1300048828125,279.6700134277344,276.1499938964844,277.8900146484375,38211800,AAPL
736,2025-12-09,278.1600036621094,280.0299987792969,276.9200134277344,277.17999267578125,32193300,AAPL
737,2025-12-10,277.75,279.75,276.44000244140625,278.7799987792969,33038300,AAPL
738,2025-12-11,279.1000061035156,279.5899963378906,273.80999755859375,278.0299987792969,33248000,AAPL
739,2025-12-12,277.8999938964844,279.2200012207031,276.82000732421875,278.2799987792969,39532900,AAPL
740,2025-12-15,280.1499938964844,280.1499938964844,272.8399963378906,274.1099853515625,50409100,AAPL
741,2025-12-16,272.82000732421875,275.5,271.7900085449219,274.6099853515625,37648600,AAPL
742,2025-12-17,275.010009765625,276.1600036621094,271.6400146484375,271.8399963378906,50138700,AAPL
743,2025-12-18,273.6099853515625,273.6300048828125,266.95001220703125,272.19000244140625,51630700,AAPL
744,2025-12-19,272.1499938964844,274.6000061035156,269.8999938964844,273.6700134277344,144632000,AAPL
745,2025-12-22,272.8599853515625,273.8800048828125,270.510009765625,270.9700012207031,36571800,AAPL
746,2025-12-23,270.8399963378906,272.5,269.55999755859375,272.3599853515625,29642000,AAPL
747,2025-12-24,272.3399963378906,275.42999267578125,272.20001220703125,273.80999755859375,17910600,AAPL
748,2025-12-26,274.1600036621094,275.3699951171875,272.8599853515625,273.3999938964844,21521800,AAPL
749,2025-12-29,272.69000244140625,274.3599853515625,272.3500061035156,273.760009765625,23715200,AAPL
750,2025-12-30,272.80999755859375,274.0799865722656,272.2799987792969,273.0799865722656,22139600,AAPL
751,2025-12-31,273.05999755859375,273.67999267578125,271.75,271.8599853515625,27293600,AAPL
